{"cameraMode":{"drawMode":0,"name":"Shaded","section":"Shading Mode"},"sceneLighting":true,"audioPlay":false,"sceneViewState":{"showFog":true,"showMaterialUpdate":false,"showSkybox":true,"showFlares":true,"showImageEffects":true,"showParticleSystems":true},"in2DMode":false,"pivot":{"x":36.2629280090332,"y":187.3518829345703,"z":-73.26456451416016},"rotation":{"x":-0.5722644329071045,"y":-0.009350675158202649,"z":0.006525689270347357,"w":-0.8199901580810547},"size":100.92809295654297,"orthographic":false}